{
    "variants": {
        "": [
            { "model": "minecraft:block/coarse_dirt", "weight": 25 },
            { "model": "minecraft:block/coarse_dirt", "y": 90, "weight": 25  },
            { "model": "minecraft:block/coarse_dirt", "y": 180, "weight": 25  },
            { "model": "minecraft:block/coarse_dirt", "y": 270, "weight": 25  },
            { "model": "minecraft:block/coarse_dirt", "x": 90, "weight": 25  },
            { "model": "minecraft:block/coarse_dirt", "x": 180, "weight": 25  },
            { "model": "minecraft:block/coarse_dirt", "x": 270, "weight": 25  },
            { "model": "minecraft:block/coarse_dirt", "z": 90, "weight": 25  },
            { "model": "minecraft:block/coarse_dirt", "z": 180, "weight": 25  },
            { "model": "minecraft:block/coarse_dirt", "z": 270, "weight": 25  },
			{ "model": "minecraft:block/coarse_dirt1", "weight": 50 },
			{ "model": "minecraft:block/coarse_dirt1", "y": 90, "weight": 50  },
            { "model": "minecraft:block/coarse_dirt1", "y": 180, "weight": 50  },
            { "model": "minecraft:block/coarse_dirt1", "y": 270, "weight": 50  },
			{ "model": "minecraft:block/coarse_dirt1", "x": 90, "weight": 50  },
            { "model": "minecraft:block/coarse_dirt1", "x": 180, "weight": 50  },
            { "model": "minecraft:block/coarse_dirt1", "x": 270, "weight": 50  },
			{ "model": "minecraft:block/coarse_dirt1", "z": 90, "weight": 50  },
            { "model": "minecraft:block/coarse_dirt1", "z": 180, "weight": 50  },
            { "model": "minecraft:block/coarse_dirt1", "z": 270, "weight": 50  },
			{ "model": "minecraft:block/coarse_dirt2", "weight": 25 },
			{ "model": "minecraft:block/coarse_dirt2", "y": 90, "weight": 25  },
            { "model": "minecraft:block/coarse_dirt2", "y": 180, "weight": 25  },
            { "model": "minecraft:block/coarse_dirt2", "y": 270, "weight": 25  },
			{ "model": "minecraft:block/coarse_dirt2", "x": 90, "weight": 25  },
            { "model": "minecraft:block/coarse_dirt2", "x": 180, "weight": 25  },
            { "model": "minecraft:block/coarse_dirt2", "x": 270, "weight": 25  },
			{ "model": "minecraft:block/coarse_dirt2", "z": 90, "weight": 25  },
            { "model": "minecraft:block/coarse_dirt2", "z": 180, "weight": 25  },
            { "model": "minecraft:block/coarse_dirt2", "z": 270, "weight": 25  },
			{ "model": "minecraft:block/coarse_dirt3", "weight": 50 },
			{ "model": "minecraft:block/coarse_dirt3", "y": 90, "weight": 50  },
            { "model": "minecraft:block/coarse_dirt3", "y": 180, "weight": 50  },
            { "model": "minecraft:block/coarse_dirt3", "y": 270, "weight": 50  },
			{ "model": "minecraft:block/coarse_dirt3", "x": 90, "weight": 50  },
            { "model": "minecraft:block/coarse_dirt3", "x": 180, "weight": 50  },
            { "model": "minecraft:block/coarse_dirt3", "x": 270, "weight": 50  },
			{ "model": "minecraft:block/coarse_dirt3", "z": 90, "weight": 50  },
            { "model": "minecraft:block/coarse_dirt3", "z": 180, "weight": 50  },
            { "model": "minecraft:block/coarse_dirt3", "z": 270, "weight": 50  }
        ]
    }
}
