{
    "variants": {
        "": [
            { "model": "minecraft:block/dirt" },
            { "model": "minecraft:block/dirt", "x": 90 },
            { "model": "minecraft:block/dirt", "x": 180 },
            { "model": "minecraft:block/dirt", "x": 270 },
            { "model": "minecraft:block/dirt", "y": 90 },
            { "model": "minecraft:block/dirt", "y": 90, "x": 90 },
            { "model": "minecraft:block/dirt", "y": 90, "x": 180 },
            { "model": "minecraft:block/dirt", "y": 90, "x": 270 },
            { "model": "minecraft:block/dirt", "y": 180 },
            { "model": "minecraft:block/dirt", "y": 180, "x": 90 },
            { "model": "minecraft:block/dirt", "y": 180, "x": 180 },
            { "model": "minecraft:block/dirt", "y": 180, "x": 270 },
            { "model": "minecraft:block/dirt", "y": 270 },
            { "model": "minecraft:block/dirt", "y": 270, "x": 90 },
            { "model": "minecraft:block/dirt", "y": 270, "x": 180 },
            { "model": "minecraft:block/dirt", "y": 270, "x": 270 },
            { "model": "minecraft:block/dirt1" },
            { "model": "minecraft:block/dirt1", "x": 90 },
            { "model": "minecraft:block/dirt1", "x": 180 },
            { "model": "minecraft:block/dirt1", "x": 270 },
            { "model": "minecraft:block/dirt1", "y": 90 },
            { "model": "minecraft:block/dirt1", "y": 90, "x": 90 },
            { "model": "minecraft:block/dirt1", "y": 90, "x": 180 },
            { "model": "minecraft:block/dirt1", "y": 90, "x": 270 },
            { "model": "minecraft:block/dirt1", "y": 180 },
            { "model": "minecraft:block/dirt1", "y": 180, "x": 90 },
            { "model": "minecraft:block/dirt1", "y": 180, "x": 180 },
            { "model": "minecraft:block/dirt1", "y": 180, "x": 270 },
            { "model": "minecraft:block/dirt1", "y": 270 },
            { "model": "minecraft:block/dirt1", "y": 270, "x": 90 },
            { "model": "minecraft:block/dirt1", "y": 270, "x": 180 },
            { "model": "minecraft:block/dirt1", "y": 270, "x": 270 },
            { "model": "minecraft:block/dirt2" },
            { "model": "minecraft:block/dirt2", "x": 90 },
            { "model": "minecraft:block/dirt2", "x": 180 },
            { "model": "minecraft:block/dirt2", "x": 270 },
            { "model": "minecraft:block/dirt2", "y": 90 },
            { "model": "minecraft:block/dirt2", "y": 90, "x": 90 },
            { "model": "minecraft:block/dirt2", "y": 90, "x": 180 },
            { "model": "minecraft:block/dirt2", "y": 90, "x": 270 },
            { "model": "minecraft:block/dirt2", "y": 180 },
            { "model": "minecraft:block/dirt2", "y": 180, "x": 90 },
            { "model": "minecraft:block/dirt2", "y": 180, "x": 180 },
            { "model": "minecraft:block/dirt2", "y": 180, "x": 270 },
            { "model": "minecraft:block/dirt2", "y": 270 },
            { "model": "minecraft:block/dirt2", "y": 270, "x": 90 },
            { "model": "minecraft:block/dirt2", "y": 270, "x": 180 },
            { "model": "minecraft:block/dirt2", "y": 270, "x": 270 }
        ]
    }
}
