{
    "variants": {
        "snowy=false": [
            { "model": "minecraft:block/mycelium" },
            { "model": "minecraft:block/mycelium", "y": 90 },
            { "model": "minecraft:block/mycelium", "y": 180 },
            { "model": "minecraft:block/mycelium", "y": 270 },
            { "model": "minecraft:block/mycelium1" },
            { "model": "minecraft:block/mycelium1", "y": 90 },
            { "model": "minecraft:block/mycelium1", "y": 180 },
            { "model": "minecraft:block/mycelium1", "y": 270 },
            { "model": "minecraft:block/mycelium2" },
            { "model": "minecraft:block/mycelium2", "y": 90 },
            { "model": "minecraft:block/mycelium2", "y": 180 },
            { "model": "minecraft:block/mycelium2", "y": 270 }
        ],
        "snowy=true":  { "model": "minecraft:block/grass_block_snow" }
    }
}
