{
    "variants": {
        "": [
            { "model": "minecraft:block/red_sand" },
            { "model": "minecraft:block/red_sand", "y": 90 },
            { "model": "minecraft:block/red_sand", "y": 180 },
            { "model": "minecraft:block/red_sand", "y": 270 },
            { "model": "minecraft:block/red_sand1" },
            { "model": "minecraft:block/red_sand1", "y": 90 },
            { "model": "minecraft:block/red_sand1", "y": 180 },
            { "model": "minecraft:block/red_sand1", "y": 270 }
        ]
    }
}
